Country,,Country,Medal_Two_Prior,Event,Medal_One_Prior,Medal_Hosted,Medal_One_Next,Medal_Two_Next
Australia,4060,Australia,Silver,"Swimming Men's 1,500 metres Freestyle",Silver,Silver,Silver,Gold
Australia,2357,Australia,Gold,"Swimming Men's 1,500 metres Freestyle",Silver,Gold,Gold,Bronze
Australia,5285,Australia,Bronze,Swimming Men's 400 metres Freestyle,Bronze,Gold,Silver,Bronze
Australia,3348,Australia,Silver,"Swimming Men's 1,500 metres Freestyle",Gold,Gold,Gold,Silver
Australia,1796,Australia,Gold,"Swimming Men's 1,500 metres Freestyle",Silver,Silver,Silver,Bronze
Australia,74169509,Australia,No Medal,Swimming Men's 4 x 100 metres Medley Relay,Bronze,Silver,Silver,Silver
Australia,2076,Australia,Gold,"Swimming Men's 1,500 metres Freestyle",Gold,Gold,Gold,Silver
Australia,74317221,Australia,No Medal,Swimming Men's 100 metres Freestyle,No Medal,Silver,Bronze,Silver
Australia,1573,Australia,Silver,"Swimming Men's 1,500 metres Freestyle",Gold,Silver,Gold,Gold
Australia,4344,Australia,Gold,"Swimming Men's 1,500 metres Freestyle",Silver,Gold,Gold,Silver
Australia,729,Australia,Silver,"Swimming Men's 1,500 metres Freestyle",Gold,Silver,Gold,Silver
Australia,3704,Australia,Silver,"Swimming Men's 1,500 metres Freestyle",Gold,Gold,Silver,Bronze
Australia,107,Australia,Silver,"Swimming Men's 1,500 metres Freestyle",Silver,Gold,Gold,Bronze
Australia,74169575,Australia,No Medal,Rowing Women's Lightweight Double Sculls,Bronze,No Medal,No Medal,No Medal
Australia,74169489,Australia,No Medal,Weightlifting Men's Super-Heavyweight,Bronze,No Medal,No Medal,No Medal
Australia,5401,Australia,Silver,Swimming Men's 400 metres Freestyle,Bronze,Gold,Gold,Bronze
Australia,949,Australia,Silver,"Swimming Men's 1,500 metres Freestyle",Silver,Gold,Silver,Gold
Australia,947,Australia,Silver,"Swimming Men's 1,500 metres Freestyle",Silver,Gold,Silver,Bronze
Australia,4525,Australia,Gold,"Swimming Men's 1,500 metres Freestyle",Silver,Gold,Gold,Gold
Australia,74169516,Australia,No Medal,Swimming Men's 4 x 100 metres Medley Relay,Bronze,Silver,Silver,Bronze
Australia,2843,Australia,Silver,"Swimming Men's 1,500 metres Freestyle",Gold,Gold,Gold,Bronze
Australia,6129,Australia,Bronze,Swimming Women's 100 metres Breaststroke,Bronze,Silver,Bronze,Gold
Australia,5,Australia,Silver,Swimming Women's 200 metres Breaststroke,No Medal,No Medal,Silver,Silver
Australia,3042,Australia,Silver,"Swimming Men's 1,500 metres Freestyle",Silver,Gold,Gold,Silver
Australia,4810,Australia,Gold,"Swimming Men's 1,500 metres Freestyle",Silver,Silver,Gold,Gold
Australia,4207,Australia,Silver,"Swimming Men's 1,500 metres Freestyle",Gold,Gold,Silver,Gold
Australia,3931,Australia,Silver,"Swimming Men's 1,500 metres Freestyle",Silver,Gold,Gold,Gold
Australia,2976,Australia,Silver,"Swimming Men's 1,500 metres Freestyle",Gold,Silver,Gold,Silver
Australia,2916,Australia,Silver,"Swimming Men's 1,500 metres Freestyle",Gold,Gold,Gold,Silver
Australia,1727,Australia,Silver,"Swimming Men's 1,500 metres Freestyle",Gold,Gold,Gold,Bronze
Australia,2207,Australia,Gold,"Swimming Men's 1,500 metres Freestyle",Silver,Silver,Silver,Bronze
Australia,5574,Australia,Bronze,Swimming Men's 400 metres Freestyle,Bronze,Gold,Gold,Bronze
Australia,1325,Australia,Silver,"Swimming Men's 1,500 metres Freestyle",Silver,Gold,Silver,Bronze
Australia,2259,Australia,Gold,"Swimming Men's 1,500 metres Freestyle",Silver,Gold,Gold,Silver
Australia,4977,Australia,Gold,"Swimming Men's 1,500 metres Freestyle",Silver,Gold,Gold,Silver
Australia,4511,Australia,Gold,"Swimming Men's 1,500 metres Freestyle",Silver,Gold,Silver,Bronze
Australia,4572,Australia,Gold,"Swimming Men's 1,500 metres Freestyle",Gold,Gold,Gold,Silver
Australia,74169584,Australia,No Medal,"Cycling Men's Individual Pursuit, 4,000 metres",Bronze,Bronze,Silver,No Medal
Australia,1401,Australia,Silver,"Swimming Men's 1,500 metres Freestyle",Silver,Gold,Silver,Silver
Australia,136,Australia,Silver,"Swimming Men's 1,500 metres Freestyle",Silver,Gold,Silver,Gold
Australia,4836,Australia,Gold,"Swimming Men's 1,500 metres Freestyle",Silver,Gold,Silver,Silver
Australia,1694,Australia,Silver,"Swimming Men's 1,500 metres Freestyle",Gold,Silver,Gold,Bronze
Belgium,74323489,Belgium,No Medal,Swimming Men's 200 metres Breaststroke,No Medal,No Medal,Silver,No Medal
Belgium,74319214,Belgium,No Medal,"Archery Men's Target Archery, 50 metres, Team",No Medal,Gold,No Medal,No Medal
Belgium,74323899,Belgium,No Medal,Rowing Men's Coxed Pairs,No Medal,No Medal,No Medal,Bronze
Belgium,74323491,Belgium,No Medal,"Cycling Men's Road Race, Individual",No Medal,No Medal,Silver,No Medal
Belgium,74319216,Belgium,No Medal,"Archery Men's Target Archery, 33 metres, Individual",No Medal,Gold,No Medal,No Medal
Belgium,74313108,Belgium,No Medal,"Fencing Men's epee, Individual",Gold,No Medal,Gold,No Medal
Belgium,7113,Belgium,Bronze,"Fencing Men's epee, Team",Gold,Silver,Silver,No Medal
Belgium,7109,Belgium,Gold,"Shooting Men's Free Pistol, 50 yards",No Medal,No Medal,No Medal,No Medal
Belgium,74319206,Belgium,No Medal,"Archery Men's Pole Archery, Large Birds, Individual",No Medal,Bronze,No Medal,No Medal
Belgium,74319220,Belgium,No Medal,Tug-Of-War Men's Tug-Of-War,No Medal,Bronze,No Medal,No Medal
Belgium,74319202,Belgium,No Medal,"Archery Men's Pole Archery, Small Birds, Individual",No Medal,Gold,No Medal,No Medal
Belgium,74319213,Belgium,No Medal,Art Competitions Mixed Music,No Medal,Gold,No Medal,No Medal
Belgium,74319200,Belgium,No Medal,"Archery Men's Target Archery, 28 metres, Team",No Medal,Silver,No Medal,No Medal
Belgium,74319223,Belgium,No Medal,Hockey Men's Hockey,No Medal,Bronze,No Medal,No Medal
Belgium,74323898,Belgium,No Medal,"Wrestling Men's Bantamweight, Freestyle",No Medal,No Medal,No Medal,Silver
Belgium,74319211,Belgium,No Medal,"Equestrianism Men's Vaulting, Individual",No Medal,Bronze,No Medal,No Medal
Belgium,74323488,Belgium,No Medal,"Wrestling Men's Middleweight, Freestyle",No Medal,No Medal,Silver,No Medal
Belgium,74319192,Belgium,No Medal,Weightlifting Men's Lightweight,No Medal,Bronze,No Medal,No Medal
Belgium,7108,Belgium,Silver,"Shooting Men's Free Pistol, 50 yards",No Medal,No Medal,No Medal,No Medal
Belgium,74319197,Belgium,No Medal,Art Competitions Mixed Sculpturing,No Medal,Gold,No Medal,No Medal
Belgium,74319203,Belgium,No Medal,"Archery Men's Pole Archery, Small Birds, Individual",No Medal,Bronze,No Medal,No Medal
Belgium,74319201,Belgium,No Medal,"Archery Men's Pole Archery, Small Birds, Individual",No Medal,Silver,No Medal,No Medal
Belgium,74319193,Belgium,No Medal,"Shooting Men's Trap, Team",No Medal,Silver,No Medal,No Medal
Belgium,74323495,Belgium,No Medal,"Cycling Men's Team Pursuit, 4,000 metres",No Medal,No Medal,Bronze,No Medal
Belgium,74319191,Belgium,No Medal,Weightlifting Men's Lightweight,No Medal,Silver,No Medal,No Medal
Belgium,74319207,Belgium,No Medal,Weightlifting Men's Featherweight,No Medal,Gold,No Medal,No Medal
Belgium,74319221,Belgium,No Medal,Swimming Men's 100 metres Backstroke,No Medal,Bronze,No Medal,No Medal
Belgium,74319209,Belgium,No Medal,"Equestrianism Men's Vaulting, Team",No Medal,Gold,No Medal,No Medal
Belgium,74319195,Belgium,No Medal,"Equestrianism Men's Jumping, Team",No Medal,Silver,No Medal,No Medal
Belgium,74319204,Belgium,No Medal,"Archery Men's Pole Archery, Large Birds, Individual",No Medal,Silver,No Medal,No Medal
Belgium,74313107,Belgium,No Medal,Rowing Men's Single Sculls,Silver,No Medal,No Medal,No Medal
Belgium,74323494,Belgium,No Medal,"Fencing Men's Foil, Individual",No Medal,No Medal,Bronze,No Medal
Belgium,74319228,Belgium,No Medal,Art Competitions Mixed Literature,No Medal,Bronze,No Medal,No Medal
Belgium,7110,Belgium,Silver,Sailing Mixed 6 metres,No Medal,Silver,No Medal,No Medal
Belgium,74319226,Belgium,No Medal,"Cycling Men's Road Race, Team",No Medal,Bronze,Silver,No Medal
Belgium,74319196,Belgium,No Medal,Art Competitions Mixed Sculpturing,No Medal,Silver,No Medal,No Medal
Belgium,7114,Belgium,Bronze,Cycling Men's 20 kilometres,No Medal,No Medal,No Medal,No Medal
Belgium,74319198,Belgium,No Medal,Art Competitions Mixed Sculpturing,No Medal,Bronze,No Medal,No Medal
Belgium,74323490,Belgium,No Medal,"Fencing Men's Foil, Team",No Medal,No Medal,Silver,No Medal
Belgium,74323493,Belgium,No Medal,Boxing Men's Welterweight,No Medal,No Medal,Gold,No Medal
Belgium,74319210,Belgium,No Medal,"Equestrianism Men's Vaulting, Individual",No Medal,Gold,No Medal,No Medal
Belgium,74319218,Belgium,No Medal,"Archery Men's Pole Archery, Small Birds, Team",No Medal,Gold,No Medal,No Medal
Canada,74323517,Canada,No Medal,Swimming Men's 200 metres Breaststroke,No Medal,No Medal,Gold,No Medal
Canada,74323513,Canada,No Medal,Athletics Women's 4 x 100 metres Relay,No Medal,No Medal,Silver,No Medal
Canada,74323524,Canada,No Medal,Swimming Men's 200 metres Backstroke,No Medal,No Medal,Bronze,No Medal
Canada,74323533,Canada,No Medal,Boxing Men's Bantamweight,No Medal,No Medal,Bronze,No Medal
Canada,74319229,Canada,No Medal,"Equestrianism Mixed Jumping, Individual",No Medal,Silver,No Medal,No Medal
Canada,74323531,Canada,No Medal,"Canoeing Women's Kayak Fours, 500 metres",No Medal,No Medal,Bronze,No Medal
Canada,74323507,Canada,No Medal,"Cycling Men's 1,000 metres Time Trial",No Medal,No Medal,Silver,No Medal
Canada,74323903,Canada,No Medal,Athletics Men's Decathlon,No Medal,No Medal,No Medal,Bronze
Canada,74323902,Canada,No Medal,"Equestrianism Mixed Dressage, Team",No Medal,No Medal,No Medal,Bronze
Canada,74319233,Canada,No Medal,Swimming Women's 4 x 100 metres Medley Relay,No Medal,Bronze,Bronze,Bronze
Canada,74313113,Canada,No Medal,Swimming Men's 100 metres Butterfly,Silver,No Medal,No Medal,No Medal
Canada,7117,Canada,Silver,Swimming Men's 400 metres Freestyle,No Medal,No Medal,No Medal,No Medal
Canada,7118,Canada,Gold,"Equestrianism Mixed Jumping, Team",No Medal,No Medal,No Medal,No Medal
Canada,74323506,Canada,No Medal,"Cycling Men's Road Race, Individual",No Medal,No Medal,Silver,No Medal
Canada,74323510,Canada,No Medal,Boxing Men's Light-Middleweight,No Medal,No Medal,Silver,Bronze
Canada,74323515,Canada,No Medal,Swimming Men's 400 metres Individual Medley,No Medal,No Medal,Gold,No Medal
Canada,74323505,Canada,No Medal,Rowing Women's Coxed Fours,No Medal,No Medal,Silver,No Medal
Canada,74323501,Canada,No Medal,Swimming Women's 100 metres Breaststroke,No Medal,No Medal,Silver,No Medal
Canada,74323497,Canada,No Medal,"Wrestling Men's Super-Heavyweight, Freestyle",No Medal,No Medal,Silver,No Medal
Canada,74323525,Canada,No Medal,Swimming Men's 100 metres Backstroke,No Medal,No Medal,Bronze,No Medal
Canada,74319232,Canada,No Medal,Swimming Women's 400 metres Freestyle,No Medal,Bronze,No Medal,No Medal
Canada,74323504,Canada,No Medal,Rowing Women's Coxless Pairs,No Medal,No Medal,Silver,No Medal
Canada,74323520,Canada,No Medal,Rhythmic Gymnastics Women's Individual,No Medal,No Medal,Gold,No Medal
Canada,74323508,Canada,No Medal,"Canoeing Women's Kayak Doubles, 500 metres",No Medal,No Medal,Silver,No Medal
Canada,74323499,Canada,No Medal,Synchronized Swimming Women's Solo,No Medal,No Medal,Silver,Gold
Canada,74323511,Canada,No Medal,Boxing Men's Heavyweight,No Medal,No Medal,Silver,No Medal
Canada,74323536,Canada,No Medal,Athletics Men's 100 metres,No Medal,No Medal,Bronze,No Medal
Canada,74323530,Canada,No Medal,Judo Men's Heavyweight,No Medal,No Medal,Bronze,No Medal
Canada,7119,Canada,Bronze,Swimming Women's 4 x 100 metres Freestyle Relay,No Medal,Bronze,No Medal,No Medal
Canada,74323518,Canada,No Medal,"Shooting Women's Sporting Pistol, 25 metres",No Medal,No Medal,Gold,No Medal
Canada,74313115,Canada,No Medal,Sailing Mixed Three Person Keelboat,Bronze,No Medal,Bronze,No Medal
Canada,74323522,Canada,No Medal,"Canoeing Men's Kayak Doubles, 1,000 metres",No Medal,No Medal,Gold,No Medal
Canada,74323527,Canada,No Medal,Rowing Women's Double Sculls,No Medal,No Medal,Bronze,No Medal
Canada,74323500,Canada,No Medal,Synchronized Swimming Women's Duet,No Medal,No Medal,Silver,Gold
Canada,74313114,Canada,No Medal,Swimming Men's 4 x 100 metres Medley Relay,Bronze,Silver,Silver,Silver
Canada,74323502,Canada,No Medal,Swimming Men's 100 metres Breaststroke,No Medal,No Medal,Silver,No Medal
Canada,74323532,Canada,No Medal,"Canoeing Men's Kayak Doubles, 500 metres",No Medal,No Medal,Bronze,No Medal
Canada,74323535,Canada,No Medal,Athletics Men's 4 x 100 metres Relay,No Medal,No Medal,Bronze,No Medal
Canada,74323514,Canada,No Medal,Swimming Women's 200 metres Breaststroke,No Medal,No Medal,Gold,No Medal
Canada,74323509,Canada,No Medal,"Canoeing Men's Canadian Singles, 1,000 metres",No Medal,No Medal,Silver,No Medal
Canada,74323901,Canada,No Medal,Boxing Men's Super-Heavyweight,No Medal,No Medal,No Medal,Gold
Canada,74323900,Canada,No Medal,Boxing Men's Middleweight,No Medal,No Medal,No Medal,Silver
China,74317488,China,No Medal,Taekwondo Men's Welterweight,No Medal,Bronze,No Medal,No Medal
China,74169689,China,No Medal,Trampolining Women's Individual,Bronze,Gold,No Medal,No Medal
China,74169688,China,No Medal,Athletics Men's 110 metres Hurdles,Gold,No Medal,No Medal,No Medal
China,74317471,China,No Medal,Table Tennis Men's Team,No Medal,Gold,No Medal,No Medal
China,74169644,China,No Medal,Diving Women's Springboard,Gold,Bronze,No Medal,No Medal
China,74317455,China,No Medal,Rowing Women's Coxless Pairs,No Medal,Silver,No Medal,No Medal
China,74169652,China,No Medal,Archery Women's Team,Silver,Silver,No Medal,No Medal
China,74169627,China,No Medal,Table Tennis Men's Singles,Silver,Gold,No Medal,No Medal
China,74317496,China,No Medal,Cycling Women's Sprint,No Medal,Bronze,No Medal,No Medal
China,74169625,China,No Medal,Weightlifting Men's Bantamweight,Silver,Gold,No Medal,No Medal
China,74169632,China,No Medal,Swimming Women's 4 x 200 metres Freestyle Relay,Silver,Silver,No Medal,No Medal
China,74317456,China,No Medal,Rhythmic Gymnastics Women's Group,No Medal,Silver,No Medal,No Medal
China,74169679,China,No Medal,Diving Men's Platform,Gold,Silver,No Medal,No Medal
China,74169690,China,No Medal,"Shooting Women's Small-Bore Rifle, Three Positions, 50 metres",Bronze,Gold,No Medal,No Medal
China,74169650,China,No Medal,Badminton Women's Doubles,Gold,Gold,No Medal,No Medal
China,74317478,China,No Medal,Gymnastics Men's Team All-Around,No Medal,Gold,No Medal,No Medal
China,74169630,China,No Medal,Table Tennis Men's Singles,Bronze,Gold,No Medal,No Medal
China,74169651,China,No Medal,Badminton Women's Doubles,Gold,Bronze,No Medal,No Medal
China,74317498,China,No Medal,Athletics Women's Marathon,No Medal,Bronze,No Medal,No Medal
China,74317463,China,No Medal,Beach Volleyball Women's Beach Volleyball,No Medal,Bronze,No Medal,No Medal
China,74169655,China,No Medal,Weightlifting Women's Lightweight,Gold,Gold,No Medal,No Medal
China,74169629,China,No Medal,Table Tennis Men's Singles,Bronze,Silver,No Medal,No Medal
China,74317452,China,No Medal,Swimming Women's 200 metres Butterfly,No Medal,Gold,No Medal,No Medal
China,74169695,China,No Medal,Judo Women's Extra-Lightweight,Bronze,No Medal,No Medal,No Medal
China,74317467,China,No Medal,Trampolining Men's Individual,No Medal,Gold,No Medal,No Medal
China,74169646,China,No Medal,Diving Women's Platform,Silver,Bronze,No Medal,No Medal
China,74317500,China,No Medal,Archery Men's Team,No Medal,Bronze,No Medal,No Medal
China,74169631,China,No Medal,Table Tennis Men's Singles,Bronze,Bronze,No Medal,No Medal
China,74169683,China,No Medal,Badminton Women's Singles,Gold,Gold,No Medal,No Medal
China,74317477,China,No Medal,Gymnastics Women's Team All-Around,No Medal,Gold,No Medal,No Medal
China,74169684,China,No Medal,Badminton Women's Singles,Bronze,Silver,No Medal,No Medal
China,74317451,China,No Medal,Swimming Women's 200 metres Butterfly,No Medal,Silver,No Medal,No Medal
China,74317497,China,No Medal,Boxing Men's Welterweight,No Medal,Bronze,No Medal,No Medal
China,74169653,China,No Medal,"Wrestling Women's Heavyweight, Freestyle",Gold,Gold,No Medal,No Medal
China,74317457,China,No Medal,Hockey Women's Hockey,No Medal,Silver,No Medal,No Medal
China,74317472,China,No Medal,"Shooting Women's Sporting Pistol, 25 metres",No Medal,Gold,No Medal,No Medal
China,74169696,China,No Medal,Gymnastics Women's Individual All-Around,Bronze,Bronze,No Medal,No Medal
China,74317458,China,No Medal,Gymnastics Men's Rings,No Medal,Silver,No Medal,No Medal
China,74317493,China,No Medal,Judo Women's Lightweight,No Medal,Bronze,No Medal,No Medal
China,74317468,China,No Medal,Trampolining Men's Individual,No Medal,Bronze,No Medal,No Medal
China,74169670,China,No Medal,"Shooting Men's Small-Bore Rifle, Three Positions, 50 metres",Gold,Gold,No Medal,No Medal
China,74169674,China,No Medal,Diving Women's Synchronized Springboard,Gold,Gold,No Medal,No Medal
Finland,74319248,Finland,No Medal,Boxing Men's Heavyweight,No Medal,Bronze,No Medal,No Medal
Finland,74313132,Finland,No Medal,"Wrestling Men's Flyweight, Greco-Roman",Bronze,Bronze,No Medal,No Medal
Finland,74323905,Finland,No Medal,Rowing Men's Coxless Pairs,No Medal,No Medal,No Medal,Bronze
Finland,74323538,Finland,No Medal,Modern Pentathlon Men's Individual,No Medal,No Medal,Bronze,No Medal
Finland,74313134,Finland,No Medal,"Canoeing Men's Kayak Doubles, 1,000 metres",Bronze,Gold,No Medal,No Medal
Finland,7130,Finland,Bronze,"Athletics Men's 10,000 metres",No Medal,No Medal,No Medal,No Medal
Finland,7127,Finland,Gold,"Athletics Men's 3,000 metres Steeplechase",No Medal,No Medal,No Medal,No Medal
Finland,7123,Finland,Bronze,Athletics Men's Javelin Throw,Gold,Bronze,No Medal,No Medal
Finland,74313124,Finland,No Medal,"Art Competitions Mixed Music, Compositions For Orchestra",Silver,No Medal,No Medal,No Medal
Finland,74319237,Finland,No Medal,"Canoeing Women's Kayak Singles, 500 metres",No Medal,Gold,No Medal,No Medal
Finland,74313120,Finland,No Medal,Gymnastics Men's Horse Vault,Gold,No Medal,No Medal,No Medal
Finland,74313131,Finland,No Medal,"Art Competitions Mixed Architecture, Designs For Town Planning",Bronze,No Medal,No Medal,No Medal
Finland,74313118,Finland,No Medal,Gymnastics Men's Parallel Bars,Silver,No Medal,No Medal,No Medal
Finland,74319240,Finland,No Medal,"Shooting Men's Running Target, Single And Double Shot",No Medal,Bronze,No Medal,No Medal
Finland,74323544,Finland,No Medal,Athletics Men's 400 metres,No Medal,No Medal,Bronze,No Medal
Finland,74313129,Finland,No Medal,"Art Competitions Mixed Literature, Lyric Works",Gold,No Medal,No Medal,No Medal
Finland,74319243,Finland,No Medal,Modern Pentathlon Men's Team,No Medal,Bronze,Bronze,No Medal
Finland,7134,Finland,Gold,Boxing Men's Welterweight,No Medal,No Medal,No Medal,No Medal
Finland,7122,Finland,Silver,Athletics Men's Javelin Throw,Gold,Bronze,No Medal,No Medal
Finland,7139,Finland,Bronze,Gymnastics Men's Team All-Around,Gold,Bronze,Bronze,No Medal
Finland,74313121,Finland,No Medal,"Canoeing Men's Kayak Singles, 10,000 metres",Silver,Gold,No Medal,No Medal
Finland,74313119,Finland,No Medal,Gymnastics Men's Horse Vault,Silver,No Medal,No Medal,No Medal
Finland,7135,Finland,Gold,"Art Competitions Mixed Literature, Epic Works",No Medal,No Medal,No Medal,No Medal
Finland,74323542,Finland,No Medal,Athletics Men's Marathon,No Medal,No Medal,Bronze,No Medal
Finland,7133,Finland,Gold,Gymnastics Men's Horizontal Bar,Bronze,No Medal,No Medal,No Medal
Finland,74313125,Finland,No Medal,"Wrestling Men's Flyweight, Freestyle",Gold,No Medal,No Medal,No Medal
Finland,74319238,Finland,No Medal,Boxing Men's Bantamweight,No Medal,Gold,No Medal,No Medal
Finland,74313127,Finland,No Medal,Gymnastics Men's Individual All-Around,Gold,No Medal,No Medal,No Medal
Finland,7137,Finland,Bronze,"Wrestling Men's Lightweight, Freestyle",No Medal,No Medal,No Medal,No Medal
Finland,74313122,Finland,No Medal,Athletics Women's Javelin Throw,Silver,No Medal,No Medal,No Medal
Finland,7129,Finland,Gold,"Athletics Men's 10,000 metres",No Medal,No Medal,No Medal,No Medal
Finland,74323541,Finland,No Medal,Boxing Men's Featherweight,No Medal,No Medal,Bronze,Bronze
Finland,74319246,Finland,No Medal,Boxing Men's Light-Welterweight,No Medal,Bronze,No Medal,No Medal
Finland,7124,Finland,Silver,"Athletics Men's 5,000 metres",No Medal,No Medal,No Medal,No Medal
Finland,74319244,Finland,No Medal,"Canoeing Men's Canadian Singles, 1,000 metres",No Medal,Bronze,No Medal,No Medal
Finland,7138,Finland,Bronze,"Wrestling Men's Heavyweight, Freestyle",No Medal,No Medal,Bronze,No Medal
Finland,7128,Finland,Silver,"Athletics Men's 10,000 metres",No Medal,No Medal,No Medal,No Medal
Finland,74313116,Finland,No Medal,"Wrestling Men's Light-Heavyweight, Greco-Roman",Silver,Gold,No Medal,No Medal
Finland,74323537,Finland,No Medal,Modern Pentathlon Men's Individual,No Medal,No Medal,Silver,No Medal
Finland,74323540,Finland,No Medal,Rowing Men's Coxed Fours,No Medal,No Medal,Bronze,No Medal
Finland,74313128,Finland,No Medal,Gymnastics Men's Individual All-Around,Bronze,No Medal,No Medal,No Medal
Finland,74319235,Finland,No Medal,"Shooting Men's Small-Bore Rifle, Three Positions, 50 metres",No Medal,Silver,No Medal,No Medal
France,7145,France,Silver,Art Competitions Mixed Sculpturing,No Medal,Bronze,No Medal,No Medal
France,74313175,France,No Medal,"Archery Men's Target Archery, 28 metres, Team",Bronze,No Medal,No Medal,No Medal
France,7150,France,Gold,"Shooting Men's Free Rifle, Three Positions, 300 metres",No Medal,No Medal,No Medal,No Medal
France,74319254,France,No Medal,Gymnastics Men's Side Horse,No Medal,Gold,No Medal,No Medal
France,7149,France,Gold,"Shooting Men's Military Rifle, Any Position, 600 metres",No Medal,No Medal,No Medal,No Medal
France,74313172,France,No Medal,"Cycling Men's Road Race, Individual",Bronze,Gold,No Medal,No Medal
France,74313151,France,No Medal,"Fencing Men's Foil, Individual",Bronze,Gold,Gold,No Medal
France,74319251,France,No Medal,Rowing Men's Coxless Pairs,No Medal,Silver,No Medal,No Medal
France,74319252,France,No Medal,Rowing Men's Coxed Fours,No Medal,Silver,No Medal,No Medal
France,74319272,France,No Medal,"Athletics Men's Cross-Country, Team",No Medal,Bronze,No Medal,No Medal
France,74313167,France,No Medal,Weightlifting Men's Heavyweight,Bronze,No Medal,No Medal,No Medal
France,74313148,France,No Medal,"Fencing Men's Foil, Individual",Silver,Silver,Gold,No Medal
France,74313157,France,No Medal,"Athletics Men's 10,000 metres",Silver,No Medal,No Medal,No Medal
France,74323909,France,No Medal,Sailing Mixed One Person Dinghy,No Medal,No Medal,No Medal,Gold
France,74319258,France,No Medal,Weightlifting Men's Lightweight,No Medal,Gold,Bronze,Gold
France,74319270,France,No Medal,Boxing Men's Bantamweight,No Medal,Bronze,No Medal,No Medal
France,74319273,France,No Medal,"Athletics Men's 3,000 metres Steeplechase",No Medal,Bronze,No Medal,No Medal
France,7148,France,Gold,"Tennis Men's Doubles, Covered Courts",No Medal,No Medal,No Medal,No Medal
France,74313153,France,No Medal,"Equestrianism Men's Vaulting, Individual",Silver,No Medal,No Medal,No Medal
France,74313140,France,No Medal,"Fencing Men's epee, Individual",Silver,Silver,Silver,Silver
France,74313147,France,No Medal,"Fencing Men's Foil, Team",Silver,Gold,Silver,Gold
France,7143,France,Silver,"Athletics Men's 5,000 metres",Gold,No Medal,No Medal,No Medal
France,74313143,France,No Medal,"Fencing Men's epee, Individual",Gold,Silver,Gold,Silver
France,7147,France,Gold,"Tennis Men's Singles, Covered Courts",No Medal,No Medal,No Medal,No Medal
France,74323912,France,No Medal,"Cycling Men's 1,000 metres Time Trial",No Medal,No Medal,No Medal,Bronze
France,74319264,France,No Medal,Art Competitions Mixed Literature,No Medal,Gold,No Medal,No Medal
France,74313144,France,No Medal,"Fencing Men's epee, Individual",Bronze,Silver,Silver,Silver
France,74313137,France,No Medal,Sailing Mixed 6.5 metres,Silver,No Medal,No Medal,No Medal
France,74313168,France,No Medal,Tennis Women's Doubles,Bronze,No Medal,No Medal,No Medal
France,74313149,France,No Medal,"Fencing Men's Foil, Individual",Silver,Gold,Gold,No Medal
France,74323908,France,No Medal,Weightlifting Men's Featherweight,No Medal,No Medal,No Medal,Gold
France,74313174,France,No Medal,Boxing Men's Heavyweight,Bronze,No Medal,No Medal,No Medal
France,74319267,France,No Medal,Gymnastics Men's Horizontal Bar,No Medal,Bronze,No Medal,No Medal
France,74319268,France,No Medal,"Equestrianism Men's Dressage, Individual",No Medal,Bronze,Silver,Silver
France,74313141,France,No Medal,"Fencing Men's epee, Individual",Silver,Silver,Gold,Silver
France,74313145,France,No Medal,"Fencing Men's epee, Individual",Bronze,Silver,Gold,Silver
France,74323913,France,No Medal,Athletics Men's Discus Throw,No Medal,No Medal,No Medal,Bronze
France,74313136,France,No Medal,"Shooting Men's Military Rifle, Prone, 300 metres",Silver,No Medal,No Medal,No Medal
France,74313135,France,No Medal,"Shooting Men's Military Rifle, Prone, 300 metres, Team",Silver,No Medal,No Medal,No Medal
France,74323550,France,No Medal,Athletics Men's Marathon,No Medal,No Medal,Gold,No Medal
France,7146,France,Gold,Tennis Women's Singles,Gold,Silver,No Medal,No Medal
France,74313142,France,No Medal,"Fencing Men's epee, Individual",Gold,Silver,Silver,Silver
Germany,7530,Germany,Gold,"Fencing Women's Foil, Individual",No Medal,Silver,No Medal,No Medal
Germany,74170924,Germany,No Medal,Athletics Women's Pentathlon,Gold,Silver,Gold,No Medal
Germany,74317841,Germany,No Medal,Athletics Women's 4 x 400 metres Relay,No Medal,Bronze,Gold,Silver
Germany,74317570,Germany,No Medal,Swimming Women's 100 metres Butterfly,No Medal,Silver,Gold,Silver
Germany,7557,Germany,Gold,Athletics Women's 800 metres,No Medal,Gold,Bronze,No Medal
Germany,7613,Germany,Bronze,"Equestrianism Men's Three-Day Event, Individual",No Medal,Gold,Bronze,Silver
Germany,74170262,Germany,No Medal,"Equestrianism Mixed Dressage, Individual",Bronze,Gold,Bronze,Bronze
Germany,74318199,Germany,No Medal,Boxing Men's Heavyweight,No Medal,Bronze,No Medal,Bronze
Germany,74313306,Germany,No Medal,Athletics Women's Javelin Throw,Bronze,Silver,Gold,Bronze
Germany,74170763,Germany,No Medal,Rowing Men's Coxed Eights,Gold,Bronze,Gold,Gold
Germany,74169779,Germany,No Medal,Swimming Women's 200 metres Butterfly,Silver,No Medal,Bronze,Silver
Germany,74313514,Germany,No Medal,Alpinism Mixed Alpinism,Gold,No Medal,No Medal,No Medal
Germany,74170036,Germany,No Medal,Rowing Men's Coxed Fours,Gold,Gold,Silver,Gold
Germany,7633,Germany,Bronze,"Cycling Men's Tandem Sprint, 2,000 metres",No Medal,Silver,No Medal,No Medal
Germany,74171129,Germany,No Medal,"Equestrianism Mixed Jumping, Team",Bronze,Gold,Silver,Gold
Germany,74323265,Germany,No Medal,Swimming Women's 100 metres Backstroke,No Medal,No Medal,Silver,Bronze
Germany,7653,Germany,Bronze,Athletics Women's 4 x 100 metres Relay,No Medal,Gold,Silver,Gold
Germany,74169859,Germany,No Medal,Rowing Men's Single Sculls,Silver,Gold,Silver,Bronze
Germany,74170160,Germany,No Medal,Gymnastics Women's Horse Vault,Silver,Gold,Silver,Silver
Germany,74317628,Germany,No Medal,Athletics Women's 400 metres,No Medal,Gold,Silver,Bronze
Germany,74317722,Germany,No Medal,Rowing Men's Coxed Pairs,No Medal,Gold,Silver,Gold
Germany,74319298,Germany,No Medal,Gymnastics Men's Horizontal Bar,No Medal,Bronze,Silver,No Medal
Germany,74323355,Germany,No Medal,Rowing Women's Coxed Eights,No Medal,No Medal,Gold,Gold
Germany,74313412,Germany,No Medal,Athletics Women's Javelin Throw,Silver,Gold,Silver,Bronze
Germany,74170265,Germany,No Medal,"Equestrianism Mixed Dressage, Individual",Bronze,Gold,Bronze,Bronze
Germany,74319442,Germany,No Medal,Swimming Women's 100 metres Freestyle,No Medal,Bronze,Silver,Bronze
Germany,74318059,Germany,No Medal,Athletics Men's Javelin Throw,No Medal,Gold,No Medal,Bronze
Germany,74169945,Germany,No Medal,Rowing Men's Coxed Fours,Silver,Gold,Bronze,Gold
Germany,7571,Germany,Bronze,"Art Competitions Mixed Architecture, Designs For Town Planning",No Medal,Gold,No Medal,No Medal
Germany,74323391,Germany,No Medal,"Athletics Men's 5,000 metres",No Medal,No Medal,Bronze,No Medal
Germany,7584,Germany,Bronze,"Wrestling Men's Heavyweight, Greco-Roman",No Medal,Bronze,No Medal,Silver
Germany,74313267,Germany,No Medal,Athletics Women's Javelin Throw,Silver,Gold,Gold,Bronze
Germany,74170364,Germany,No Medal,Athletics Women's Shot Put,Silver,Silver,Silver,Bronze
Germany,7217,Germany,Silver,Athletics Men's 4 x 400 metres Relay,Bronze,Bronze,Bronze,Silver
Germany,74169745,Germany,No Medal,Swimming Women's 4 x 100 metres Freestyle Relay,Silver,Silver,Silver,Gold
Germany,74319339,Germany,No Medal,Gymnastics Men's Pommelled Horse,No Medal,Gold,Bronze,Bronze
Germany,7683,Germany,Bronze,Athletics Women's 4 x 100 metres Relay,No Medal,Gold,Silver,Gold
Germany,74317820,Germany,No Medal,Athletics Women's High Jump,No Medal,Gold,Gold,Bronze
Germany,74313226,Germany,No Medal,Boxing Men's Featherweight,Silver,Bronze,Silver,Gold
Germany,7752,Germany,Bronze,Athletics Men's Shot Put,No Medal,Gold,Gold,Bronze
Germany,74317891,Germany,No Medal,Athletics Women's 200 metres,No Medal,Gold,Bronze,Silver
Germany,74317547,Germany,No Medal,Swimming Women's 100 metres Butterfly,No Medal,Silver,Gold,Gold
Great Britain,74319742,Great Britain,No Medal,Cycling Men's 100 kilometres,No Medal,Silver,No Medal,No Medal
Great Britain,74319590,Great Britain,No Medal,"Tennis Men's Singles, Covered Courts",No Medal,Silver,Silver,No Medal
Great Britain,74319588,Great Britain,No Medal,"Tennis Men's Singles, Covered Courts",No Medal,Bronze,Silver,No Medal
Great Britain,74319887,Great Britain,No Medal,Rowing Men's Coxed Eights,No Medal,Silver,Silver,Silver
Great Britain,74319519,Great Britain,No Medal,"Wrestling Men's Bantamweight, Freestyle",No Medal,Silver,No Medal,No Medal
Great Britain,74313574,Great Britain,No Medal,Cycling Men's Sprint,Silver,Gold,No Medal,Silver
Great Britain,74319504,Great Britain,No Medal,"Wrestling Men's Lightweight, Freestyle",No Medal,Silver,No Medal,Bronze
Great Britain,8109,Great Britain,Bronze,Swimming Women's 4 x 100 metres Freestyle Relay,No Medal,No Medal,Gold,Silver
Great Britain,74319682,Great Britain,No Medal,Racquets Men's Singles,No Medal,Gold,No Medal,No Medal
Great Britain,74313633,Great Britain,No Medal,Cycling Men's 20 kilometres,Gold,Gold,No Medal,No Medal
Great Britain,74319944,Great Britain,No Medal,Shooting Men's Trap,No Medal,Bronze,No Medal,No Medal
Great Britain,8198,Great Britain,Bronze,Athletics Women's 4 x 100 metres Relay,Silver,No Medal,Bronze,Silver
Great Britain,74319814,Great Britain,No Medal,Archery Women's Double National Round,No Medal,Gold,No Medal,No Medal
Great Britain,74313644,Great Britain,No Medal,Athletics Men's 5 mile,Gold,Silver,No Medal,No Medal
Great Britain,7935,Great Britain,Silver,"Athletics Men's 1,500 metres",Silver,Bronze,Gold,Silver
Great Britain,8072,Great Britain,Gold,Rowing Men's Coxless Fours,Silver,Gold,No Medal,No Medal
Great Britain,8036,Great Britain,Silver,"Athletics Men's 1,500 metres",Silver,Bronze,Gold,Gold
Great Britain,7868,Great Britain,Silver,"Cycling Men's Tandem Sprint, 2,000 metres",Gold,Bronze,No Medal,Gold
Great Britain,74319929,Great Britain,No Medal,Boxing Men's Middleweight,No Medal,Gold,No Medal,Gold
Great Britain,74319599,Great Britain,No Medal,"Tennis Men's Doubles, Covered Courts",No Medal,Gold,Bronze,No Medal
Great Britain,74319942,Great Britain,No Medal,Swimming Men's 100 metres Backstroke,No Medal,Bronze,No Medal,No Medal
Great Britain,74319712,Great Britain,No Medal,Hockey Men's Hockey,No Medal,Silver,Bronze,Gold
Great Britain,8169,Great Britain,Bronze,"Cycling Men's Team Pursuit, 4,000 metres",Bronze,Bronze,Bronze,Silver
Great Britain,74313553,Great Britain,No Medal,"Fencing Men's epee, Team",Silver,Silver,Silver,No Medal
Great Britain,74313527,Great Britain,No Medal,Swimming Men's 400 metres Freestyle,Silver,Gold,Silver,No Medal
Great Britain,74319734,Great Britain,No Medal,Figure Skating Mixed Pairs,No Medal,Silver,No Medal,Bronze
Great Britain,74319959,Great Britain,No Medal,"Cycling Men's Road Race, Team",No Medal,Silver,Silver,Silver
Great Britain,74319673,Great Britain,No Medal,Rowing Men's Single Sculls,No Medal,Silver,Gold,Silver
Great Britain,74319690,Great Britain,No Medal,Lacrosse Men's Lacrosse,No Medal,Silver,No Medal,No Medal
Great Britain,74313632,Great Britain,No Medal,Cycling Men's 20 kilometres,Gold,Silver,No Medal,No Medal
Great Britain,74319702,Great Britain,No Medal,Hockey Men's Hockey,No Medal,Gold,Bronze,Gold
Great Britain,74319990,Great Britain,No Medal,"Art Competitions Mixed Sculpturing, Reliefs",No Medal,Bronze,No Medal,No Medal
Great Britain,74319795,Great Britain,No Medal,Athletics Men's Shot Put,No Medal,Silver,No Medal,No Medal
Great Britain,74319628,Great Britain,No Medal,"Shooting Men's Small-Bore Rifle, Prone, 50 and 100 yards",No Medal,Silver,No Medal,No Medal
Great Britain,7987,Great Britain,Silver,"Athletics Men's 1,500 metres",Silver,Bronze,Gold,Silver
Great Britain,74313621,Great Britain,No Medal,"Shooting Men's Trap, Single Shot, 16 metres",Bronze,No Medal,No Medal,No Medal
Great Britain,8201,Great Britain,Bronze,Athletics Women's 4 x 100 metres Relay,Silver,No Medal,Bronze,Silver
Great Britain,8042,Great Britain,Silver,"Athletics Men's 1,500 metres",Silver,Silver,Gold,Gold
Great Britain,74323598,Great Britain,No Medal,Gymnastics Men's Team All-Around,No Medal,No Medal,Bronze,No Medal
Great Britain,8077,Great Britain,Gold,Rowing Men's Coxless Fours,Silver,Silver,No Medal,No Medal
Great Britain,74319918,Great Britain,No Medal,Motorboating Mixed C-Class,No Medal,Gold,No Medal,No Medal
Great Britain,74323928,Great Britain,No Medal,Art Competitions Mixed Literature,No Medal,No Medal,No Medal,Silver
Greece,8497,Greece,Bronze,"Shooting Men's Free Pistol, 30 metres",No Medal,No Medal,No Medal,No Medal
Greece,8412,Greece,Bronze,Gymnastics Men's Rings,Silver,Gold,No Medal,No Medal
Greece,74318215,Greece,No Medal,Taekwondo Men's Heavyweight,No Medal,Silver,Silver,No Medal
Greece,8292,Greece,Gold,Gymnastics Men's Rope Climbing,No Medal,Bronze,No Medal,No Medal
Greece,8287,Greece,Silver,Gymnastics Men's Rope Climbing,No Medal,Gold,No Medal,No Medal
Greece,8434,Greece,Bronze,Gymnastics Men's Rings,Silver,Gold,No Medal,No Medal
Greece,8240,Greece,Silver,Swimming Men's 100 metres Freestyle For Sailors,No Medal,No Medal,No Medal,No Medal
Greece,74171219,Greece,No Medal,Taekwondo Men's Flyweight,Gold,No Medal,No Medal,No Medal
Greece,74171210,Greece,No Medal,Weightlifting Men's Light-Heavyweight,Gold,Bronze,No Medal,No Medal
Greece,8465,Greece,Bronze,"Weightlifting Men's Unlimited, Two Hands",Gold,Gold,No Medal,No Medal
Greece,8216,Greece,Bronze,"Wrestling Men's Unlimited Class, Greco-Roman",No Medal,No Medal,No Medal,No Medal
Greece,8335,Greece,Silver,Cycling Men's 100 kilometres,No Medal,No Medal,No Medal,No Medal
Greece,8324,Greece,Gold,"Fencing Men's Sabre, Individual",No Medal,Gold,No Medal,No Medal
Greece,8332,Greece,Silver,Cycling Men's 333 metres Time Trial,No Medal,No Medal,No Medal,No Medal
Greece,74323649,Greece,No Medal,"Athletics Men's Javelin Throw, Freestyle",No Medal,No Medal,Silver,No Medal
Greece,74323652,Greece,No Medal,Shooting Men's Trap,No Medal,No Medal,Bronze,No Medal
Greece,8232,Greece,Silver,Tennis Men's Doubles,No Medal,Silver,No Medal,No Medal
Greece,8379,Greece,Bronze,Athletics Men's Discus Throw,Bronze,Silver,No Medal,No Medal
Greece,74318249,Greece,No Medal,"Wrestling Men's Featherweight, Greco-Roman",No Medal,Bronze,No Medal,No Medal
Greece,8258,Greece,Silver,"Shooting Men's Military Rifle, 200 metres",No Medal,No Medal,No Medal,No Medal
Greece,74323634,Greece,No Medal,Athletics Men's Standing Long Jump,No Medal,No Medal,Silver,Gold
Greece,74171204,Greece,No Medal,Athletics Women's 100 metres,Silver,No Medal,No Medal,No Medal
Greece,8217,Greece,Silver,"Wrestling Men's Unlimited Class, Greco-Roman",No Medal,No Medal,No Medal,No Medal
Greece,74323642,Greece,No Medal,Athletics Men's Standing High Jump,No Medal,No Medal,Silver,Bronze
Greece,74318238,Greece,No Medal,Diving Men's Synchronized Springboard,No Medal,Gold,No Medal,No Medal
Greece,74171200,Greece,No Medal,Athletics Women's Discus Throw,Silver,Silver,No Medal,No Medal
Greece,8472,Greece,Bronze,"Weightlifting Men's Unlimited, Two Hands",Gold,Gold,No Medal,No Medal
Greece,8318,Greece,Gold,"Fencing Men's Sabre, Individual",No Medal,Gold,No Medal,No Medal
Greece,8507,Greece,Bronze,Athletics Men's Pole Vault,No Medal,No Medal,No Medal,No Medal
Greece,74318256,Greece,No Medal,Rowing Men's Lightweight Double Sculls,No Medal,Bronze,Silver,No Medal
Greece,8299,Greece,Silver,Gymnastics Men's Rope Climbing,No Medal,Gold,No Medal,No Medal
Greece,74320031,Greece,No Medal,Rowing Men's 17-Man Naval Rowing Boats,No Medal,Silver,No Medal,No Medal
Greece,8275,Greece,Silver,Gymnastics Men's Rope Climbing,No Medal,Gold,No Medal,No Medal
Greece,74320033,Greece,No Medal,Rowing Men's 17-Man Naval Rowing Boats,No Medal,Silver,No Medal,No Medal
Greece,8308,Greece,Gold,Gymnastics Men's Rope Climbing,No Medal,Bronze,No Medal,No Medal
Greece,8356,Greece,Silver,Athletics Men's Discus Throw,Bronze,Silver,No Medal,No Medal
Greece,74318245,Greece,No Medal,Athletics Women's 20 kilometres Walk,No Medal,Gold,No Medal,No Medal
Greece,74318253,Greece,No Medal,Rowing Men's Lightweight Double Sculls,No Medal,Bronze,Silver,No Medal
Greece,8264,Greece,Silver,"Shooting Men's Military Rifle, 200 metres",No Medal,No Medal,No Medal,No Medal
Greece,74323651,Greece,No Medal,"Athletics Men's Javelin Throw, Freestyle",No Medal,No Medal,Silver,No Medal
Greece,74171186,Greece,No Medal,Athletics Women's Javelin Throw,Silver,Bronze,No Medal,No Medal
Greece,8382,Greece,Bronze,Athletics Men's Discus Throw,Bronze,Silver,No Medal,No Medal
Italy,74171243,Italy,No Medal,"Fencing Men's Foil, Individual",Silver,No Medal,No Medal,No Medal
Italy,74318262,Italy,No Medal,Boxing Men's Lightweight,No Medal,Silver,No Medal,No Medal
Italy,74323400,Italy,No Medal,"Equestrianism Mixed Three-Day Event, Individual",No Medal,No Medal,Gold,No Medal
Italy,74171240,Italy,No Medal,"Fencing Men's epee, Individual",Silver,Gold,No Medal,Bronze
Italy,74171242,Italy,No Medal,"Fencing Men's epee, Individual",Bronze,Gold,No Medal,Bronze
Italy,74318267,Italy,No Medal,Boxing Men's Welterweight,No Medal,Gold,Bronze,No Medal
Italy,74318279,Italy,No Medal,Athletics Men's 50 kilometres Walk,No Medal,Bronze,Gold,No Medal
Italy,74318274,Italy,No Medal,"Fencing Women's Foil, Team",No Medal,Bronze,No Medal,No Medal
Italy,74171259,Italy,No Medal,Weightlifting Men's Middleweight,Bronze,No Medal,No Medal,No Medal
Italy,74318271,Italy,No Medal,Sailing Mixed Three Person Keelboat,No Medal,Bronze,No Medal,No Medal
Italy,74171236,Italy,No Medal,"Equestrianism Mixed Jumping, Individual",Bronze,Silver,No Medal,No Medal
Italy,74171257,Italy,No Medal,"Cycling Men's 1,000 metres Time Trial",Gold,Gold,Silver,No Medal
Italy,74318278,Italy,No Medal,Athletics Women's 100 metres,No Medal,Bronze,No Medal,No Medal
Italy,74323793,Italy,No Medal,Athletics Men's 110 metres Hurdles,No Medal,No Medal,No Medal,Bronze
Italy,74171250,Italy,No Medal,Shooting Men's Trap,Gold,Silver,Gold,No Medal
Italy,74171255,Italy,No Medal,"Cycling Men's Team Pursuit, 4,000 metres",Gold,Gold,Silver,Bronze
Italy,74171256,Italy,No Medal,"Cycling Men's Road Race, Individual",Gold,Silver,Gold,Gold
Italy,74171258,Italy,No Medal,"Wrestling Men's Heavyweight, Greco-Roman",Bronze,No Medal,No Medal,No Medal
Italy,74323791,Italy,No Medal,Sailing Mixed One Person Dinghy,No Medal,No Medal,No Medal,Bronze
Italy,74318264,Italy,No Medal,Boxing Men's Bantamweight,No Medal,Silver,No Medal,No Medal
Italy,74323789,Italy,No Medal,Diving Men's Springboard,No Medal,No Medal,No Medal,Silver
Italy,74171247,Italy,No Medal,Cycling Men's Sprint,Silver,Bronze,Silver,Silver
Italy,74171235,Italy,No Medal,"Equestrianism Mixed Jumping, Individual",Silver,Gold,No Medal,No Medal
Italy,74171252,Italy,No Medal,Rowing Men's Coxed Fours,Gold,Bronze,Silver,No Medal
Italy,74323402,Italy,No Medal,"Fencing Women's Foil, Individual",No Medal,No Medal,Bronze,No Medal
Italy,74318272,Italy,No Medal,Gymnastics Men's Team All-Around,No Medal,Bronze,No Medal,No Medal
Italy,74171261,Italy,No Medal,"Cycling Men's Tandem Sprint, 2,000 metres",Bronze,Gold,Gold,No Medal
Italy,74171248,Italy,No Medal,Cycling Men's Sprint,Silver,Bronze,Gold,Silver
Italy,74318277,Italy,No Medal,Boxing Men's Light-Heavyweight,No Medal,Bronze,Gold,No Medal
Italy,74171246,Italy,No Medal,Cycling Men's Sprint,Silver,Gold,Gold,Silver
Italy,74318260,Italy,No Medal,Gymnastics Men's Parallel Bars,No Medal,Silver,Bronze,No Medal
Italy,74318265,Italy,No Medal,Water Polo Men's Water Polo,No Medal,Gold,No Medal,No Medal
Italy,74323788,Italy,No Medal,Shooting Mixed Skeet,No Medal,No Medal,No Medal,Silver
Italy,74171262,Italy,No Medal,Boxing Men's Heavyweight,Bronze,Gold,Bronze,Bronze
Italy,74323398,Italy,No Medal,"Cycling Men's Individual Pursuit, 4,000 metres",No Medal,No Medal,Silver,No Medal
Italy,74171237,Italy,No Medal,"Equestrianism Mixed Jumping, Individual",Bronze,Gold,No Medal,No Medal
Italy,74323396,Italy,No Medal,Gymnastics Men's Rings,No Medal,No Medal,Silver,No Medal
Italy,74171251,Italy,No Medal,Shooting Men's Trap,Bronze,Silver,Gold,No Medal
Italy,74171241,Italy,No Medal,"Fencing Men's epee, Individual",Gold,Gold,No Medal,Bronze
Italy,74171253,Italy,No Medal,"Fencing Men's epee, Team",Gold,Gold,Silver,No Medal
Italy,74323401,Italy,No Medal,Boxing Men's Flyweight,No Medal,No Medal,Gold,No Medal
Italy,74323404,Italy,No Medal,Athletics Men's 400 metres Hurdles,No Medal,No Medal,Bronze,No Medal
Japan,74318287,Japan,No Medal,Volleyball Women's Volleyball,No Medal,Gold,Silver,Silver
Japan,74171299,Japan,No Medal,Gymnastics Men's Floor Exercise,Gold,Silver,Bronze,Bronze
Japan,74323796,Japan,No Medal,Judo Men's Half-Middleweight,No Medal,No Medal,No Medal,Gold
Japan,74171298,Japan,No Medal,Gymnastics Men's Floor Exercise,Gold,Silver,Bronze,Silver
Japan,74171273,Japan,No Medal,Gymnastics Men's Individual All-Around,Silver,Silver,Bronze,Bronze
Japan,74171294,Japan,No Medal,Gymnastics Men's Floor Exercise,Gold,Silver,Silver,Silver
Japan,74171270,Japan,No Medal,Gymnastics Men's Individual All-Around,Silver,Silver,Gold,Bronze
Japan,74171266,Japan,No Medal,Swimming Men's 4 x 200 metres Freestyle Relay,Silver,Bronze,No Medal,No Medal
Japan,74171314,Japan,No Medal,Gymnastics Men's Parallel Bars,Bronze,Gold,Gold,Bronze
Japan,74171285,Japan,No Medal,Gymnastics Men's Horizontal Bar,Silver,No Medal,Bronze,Bronze
Japan,74318284,Japan,No Medal,"Wrestling Men's Bantamweight, Freestyle",No Medal,Gold,Gold,Gold
Japan,74171296,Japan,No Medal,Gymnastics Men's Floor Exercise,Gold,Silver,Gold,Silver
Japan,74318288,Japan,No Medal,Judo Men's Middleweight,No Medal,Gold,No Medal,Gold
Japan,74171272,Japan,No Medal,Gymnastics Men's Individual All-Around,Silver,Silver,Bronze,Gold
Japan,74171280,Japan,No Medal,Gymnastics Men's Horizontal Bar,Silver,No Medal,Gold,Silver
Japan,74171315,Japan,No Medal,Boxing Men's Flyweight,Bronze,No Medal,No Medal,No Medal
Japan,74318291,Japan,No Medal,Boxing Men's Bantamweight,No Medal,Gold,Bronze,No Medal
Japan,74171306,Japan,No Medal,Gymnastics Men's Rings,Bronze,Gold,Bronze,Bronze
Japan,74318293,Japan,No Medal,Weightlifting Men's Middleweight,No Medal,Bronze,Silver,No Medal
Japan,74171288,Japan,No Medal,Gymnastics Men's Horizontal Bar,Gold,No Medal,Gold,Bronze
Japan,74171313,Japan,No Medal,Gymnastics Men's Parallel Bars,Bronze,Gold,Gold,Gold
Japan,74171287,Japan,No Medal,Gymnastics Men's Horizontal Bar,Gold,No Medal,Gold,Gold
Japan,74318283,Japan,No Medal,"Wrestling Men's Bantamweight, Greco-Roman",No Medal,Gold,No Medal,No Medal
Japan,74171289,Japan,No Medal,Gymnastics Men's Horizontal Bar,Gold,No Medal,Bronze,Silver
Japan,74171301,Japan,No Medal,Swimming Men's 4 x 100 metres Medley Relay,Bronze,No Medal,No Medal,No Medal
Japan,74171268,Japan,No Medal,Gymnastics Men's Individual All-Around,Silver,Silver,Gold,Silver
Japan,74318294,Japan,No Medal,Volleyball Men's Volleyball,No Medal,Bronze,Silver,Gold
Japan,74323795,Japan,No Medal,Swimming Men's 100 metres Breaststroke,No Medal,No Medal,No Medal,Gold
Japan,74171277,Japan,No Medal,Gymnastics Men's Individual All-Around,Silver,Gold,Bronze,Silver
Japan,74171286,Japan,No Medal,Gymnastics Men's Horizontal Bar,Gold,No Medal,Gold,Silver
Japan,74171265,Japan,No Medal,Swimming Men's 400 metres Freestyle,Silver,No Medal,No Medal,No Medal
Japan,74171282,Japan,No Medal,Gymnastics Men's Horizontal Bar,Silver,No Medal,Gold,Bronze
Japan,74171291,Japan,No Medal,Gymnastics Men's Horizontal Bar,Gold,No Medal,Bronze,Bronze
Japan,74318281,Japan,No Medal,"Wrestling Men's Flyweight, Greco-Roman",No Medal,Gold,No Medal,Silver
Japan,74318285,Japan,No Medal,Weightlifting Men's Featherweight,No Medal,Gold,Gold,No Medal
Japan,74171278,Japan,No Medal,Gymnastics Men's Individual All-Around,Silver,Gold,Bronze,Gold
Japan,74318292,Japan,No Medal,"Wrestling Men's Lightweight, Freestyle",No Medal,Bronze,No Medal,Silver
Japan,74171276,Japan,No Medal,Gymnastics Men's Individual All-Around,Silver,Gold,Gold,Bronze
Japan,74171302,Japan,No Medal,"Shooting Men's Free Pistol, 50 metres",Bronze,Bronze,No Medal,No Medal
Japan,74171311,Japan,No Medal,Gymnastics Men's Parallel Bars,Bronze,Silver,Gold,Bronze
Japan,74323407,Japan,No Medal,Football Men's Football,No Medal,No Medal,Bronze,No Medal
Japan,74171292,Japan,No Medal,Gymnastics Men's Team All-Around,Gold,Gold,Gold,Gold
Netherlands,74323797,Netherlands,No Medal,"Equestrianism Men's Jumping, Team",No Medal,No Medal,No Medal,Silver
Netherlands,74171320,Netherlands,No Medal,"Equestrianism Men's Three-Day Event, Individual",Gold,Silver,Gold,No Medal
Netherlands,74323800,Netherlands,No Medal,"Canoeing Men's Kayak Doubles, 1,000 metres",No Medal,No Medal,No Medal,Bronze
Netherlands,74318311,Netherlands,No Medal,"Cycling Men's 1,000 metres Time Trial",No Medal,Silver,Silver,Gold
Netherlands,74323803,Netherlands,No Medal,Athletics Men's 100 metres,No Medal,No Medal,No Medal,Bronze
Netherlands,74171324,Netherlands,No Medal,Sailing Mixed 6 metres,Bronze,No Medal,No Medal,No Medal
Netherlands,74318319,Netherlands,No Medal,"Art Competitions Mixed Architecture, Architectural Designs",No Medal,Gold,No Medal,No Medal
Netherlands,74318316,Netherlands,No Medal,Gymnastics Women's Team All-Around,No Medal,Gold,No Medal,No Medal
Netherlands,74318322,Netherlands,No Medal,"Equestrianism Men's Dressage, Team",No Medal,Bronze,No Medal,No Medal
Netherlands,74323801,Netherlands,No Medal,"Canoeing Men's Folding Kayak Doubles, 10 kilometres",No Medal,No Medal,No Medal,Bronze
Netherlands,74171321,Netherlands,No Medal,"Equestrianism Men's Three-Day Event, Individual",Gold,Gold,Gold,No Medal
Netherlands,74318323,Netherlands,No Medal,Boxing Men's Light-Heavyweight,No Medal,Bronze,No Medal,No Medal
Netherlands,74171326,Netherlands,No Medal,"Cycling Men's Tandem Sprint, 2,000 metres",Bronze,Gold,No Medal,Silver
Netherlands,74318312,Netherlands,No Medal,Athletics Women's High Jump,No Medal,Silver,No Medal,No Medal
Netherlands,74318321,Netherlands,No Medal,Weightlifting Men's Light-Heavyweight,No Medal,Bronze,No Medal,No Medal
Netherlands,74318320,Netherlands,No Medal,Weightlifting Men's Middleweight,No Medal,Bronze,No Medal,No Medal
Netherlands,74318308,Netherlands,No Medal,Sailing Mixed 8 metres,No Medal,Silver,No Medal,No Medal
Netherlands,74318313,Netherlands,No Medal,"Art Competitions Mixed Sculpturing, Medals And Reliefs",No Medal,Silver,No Medal,No Medal
Netherlands,74318318,Netherlands,No Medal,"Art Competitions Mixed Painting, Paintings",No Medal,Gold,No Medal,No Medal
Netherlands,74171327,Netherlands,No Medal,Athletics Men's 4 x 100 metres Relay,Bronze,No Medal,No Medal,No Medal
Netherlands,74318314,Netherlands,No Medal,Swimming Women's 100 metres Backstroke,No Medal,Gold,No Medal,Silver
Netherlands,74318307,Netherlands,No Medal,Swimming Women's 200 metres Breaststroke,No Medal,Silver,No Medal,No Medal
Netherlands,74323799,Netherlands,No Medal,"Canoeing Men's Kayak Singles, 1,000 metres",No Medal,No Medal,No Medal,Bronze
Netherlands,74323409,Netherlands,No Medal,Swimming Women's 100 metres Freestyle,No Medal,No Medal,Silver,Gold
Netherlands,74171325,Netherlands,No Medal,"Fencing Men's Sabre, Team",Bronze,No Medal,No Medal,No Medal
Netherlands,74171319,Netherlands,No Medal,"Equestrianism Men's Three-Day Event, Team",Gold,Gold,Silver,No Medal
Netherlands,74323410,Netherlands,No Medal,Sailing Mixed One Person Dinghy,No Medal,No Medal,Silver,Gold
Netherlands,74318317,Netherlands,No Medal,Boxing Men's Featherweight,No Medal,Gold,No Medal,No Medal
Netherlands,74323802,Netherlands,No Medal,Athletics Men's 200 metres,No Medal,No Medal,No Medal,Bronze
Netherlands,74323408,Netherlands,No Medal,Swimming Women's 4 x 100 metres Freestyle Relay,No Medal,No Medal,Silver,Gold
Netherlands,74318309,Netherlands,No Medal,Hockey Men's Hockey,No Medal,Silver,No Medal,Bronze
Netherlands,74318306,Netherlands,No Medal,Swimming Women's 400 metres Freestyle,No Medal,Silver,No Medal,Gold
Netherlands,74171317,Netherlands,No Medal,Cycling Men's Sprint,Silver,Silver,Gold,Silver
Netherlands,74323798,Netherlands,No Medal,Sailing Mixed Two Person Keelboat,No Medal,No Medal,No Medal,Bronze
Netherlands,74171323,Netherlands,No Medal,Tennis Mixed Doubles,Bronze,No Medal,No Medal,No Medal
Netherlands,74318324,Netherlands,No Medal,"Art Competitions Mixed Literature, Epic Works",No Medal,Bronze,No Medal,No Medal
Netherlands,74171328,Netherlands,No Medal,Art Competitions Mixed Painting,Bronze,No Medal,No Medal,No Medal
Netherlands,74171318,Netherlands,No Medal,Rowing Men's Coxless Pairs,Gold,No Medal,No Medal,No Medal
Netherlands,74318315,Netherlands,No Medal,Swimming Women's 100 metres Backstroke,No Medal,Gold,No Medal,Gold
Netherlands,74323411,Netherlands,No Medal,"Art Competitions Mixed Painting, Drawings And Water Colors",No Medal,No Medal,Bronze,No Medal
Netherlands,74171322,Netherlands,No Medal,Cycling Men's 50 kilometres,Gold,No Medal,No Medal,No Medal
Netherlands,74318310,Netherlands,No Medal,"Cycling Men's Team Pursuit, 4,000 metres",No Medal,Silver,No Medal,No Medal
Russia,8708,Russia,Bronze,Athletics Men's Hammer Throw,Bronze,Silver,Gold,No Medal
Russia,74320111,Russia,No Medal,"Shooting Mixed Small-Bore Rifle, Three Positions, 50 metres",No Medal,Gold,No Medal,No Medal
Russia,8579,Russia,Gold,"Wrestling Men's Bantamweight, Greco-Roman",Bronze,Gold,No Medal,No Medal
Russia,74323951,Russia,No Medal,Swimming Men's 100 metres Butterfly,No Medal,No Medal,No Medal,Bronze
Russia,8697,Russia,Bronze,Athletics Men's Hammer Throw,Silver,Bronze,Bronze,No Medal
Russia,8669,Russia,Gold,Athletics Men's Hammer Throw,Silver,Bronze,Gold,No Medal
Russia,74313749,Russia,No Medal,Rowing Women's Single Sculls,Bronze,Silver,No Medal,No Medal
Russia,74313756,Russia,No Medal,Boxing Men's Light-Middleweight,Bronze,Silver,No Medal,No Medal
Russia,8635,Russia,Bronze,"Fencing Men's Sabre, Individual",Bronze,Gold,No Medal,Silver
Russia,74313737,Russia,No Medal,Diving Women's Platform,Gold,Silver,No Medal,No Medal
Russia,74323659,Russia,No Medal,"Shooting Women's Air Pistol, 10 metres",No Medal,No Medal,Bronze,Silver
Russia,8737,Russia,Bronze,Gymnastics Women's Horse Vault,Gold,Gold,Gold,No Medal
Russia,74320115,Russia,No Medal,"Equestrianism Mixed Jumping, Team",No Medal,Gold,No Medal,No Medal
Russia,8516,Russia,Silver,"Wrestling Men's Flyweight, Freestyle",Silver,Gold,Bronze,No Medal
Russia,8717,Russia,Gold,Athletics Men's 100 metres,Bronze,No Medal,No Medal,No Medal
Russia,74313761,Russia,No Medal,Athletics Women's 4 x 400 metres Relay,Bronze,Gold,Gold,No Medal
Russia,8727,Russia,Bronze,Swimming Women's 200 metres Breaststroke,Bronze,Silver,No Medal,No Medal
Russia,8725,Russia,Bronze,Swimming Women's 200 metres Breaststroke,Gold,Gold,No Medal,No Medal
Russia,8518,Russia,Silver,Swimming Women's 100 metres Breaststroke,Silver,Silver,No Medal,No Medal
Russia,8714,Russia,Bronze,Athletics Men's Hammer Throw,Bronze,Bronze,Gold,No Medal
Russia,8640,Russia,Gold,Cycling Men's 100 kilometres Team Time Trial,Gold,Gold,No Medal,No Medal
Russia,74313736,Russia,No Medal,Gymnastics Men's Individual All-Around,Gold,Gold,Bronze,Silver
Russia,8629,Russia,Bronze,"Fencing Men's Sabre, Individual",Gold,Silver,No Medal,Silver
Russia,74320132,Russia,No Medal,Athletics Men's 110 metres Hurdles,No Medal,Bronze,No Medal,No Medal
Russia,74313718,Russia,No Medal,Athletics Men's Shot Put,Bronze,Silver,No Medal,No Medal
Russia,8532,Russia,Silver,Gymnastics Women's Floor Exercise,Gold,Bronze,Silver,No Medal
Russia,74320094,Russia,No Medal,"Equestrianism Mixed Jumping, Individual",No Medal,Silver,No Medal,No Medal
Russia,8523,Russia,Silver,Modern Pentathlon Men's Individual,Silver,Gold,Bronze,Silver
Russia,8654,Russia,Gold,"Athletics Women's 1,500 metres",Gold,Bronze,Silver,Gold
Russia,8726,Russia,Bronze,Swimming Women's 200 metres Breaststroke,Gold,Bronze,No Medal,No Medal
Russia,8706,Russia,Bronze,Athletics Men's Hammer Throw,Gold,Bronze,Bronze,No Medal
Russia,74313730,Russia,No Medal,Handball Men's Handball,Gold,Silver,Gold,No Medal
Russia,74313719,Russia,No Medal,Athletics Men's Shot Put,Bronze,Gold,No Medal,No Medal
Russia,8575,Russia,Gold,"Wrestling Men's Light-Heavyweight, Greco-Roman",Gold,Silver,Bronze,No Medal
Russia,8733,Russia,Bronze,Sailing Mixed One Person Dinghy,Silver,Bronze,No Medal,No Medal
Russia,74313748,Russia,No Medal,"Shooting Mixed Small-Bore Rifle, Prone, 50 metres",Bronze,No Medal,No Medal,No Medal
Russia,74323948,Russia,No Medal,Athletics Women's Triple Jump,No Medal,No Medal,No Medal,Silver
Russia,74313727,Russia,No Medal,Weightlifting Men's Flyweight,Gold,Gold,No Medal,No Medal
Russia,74313758,Russia,No Medal,Boxing Men's Bantamweight,Bronze,No Medal,No Medal,Bronze
Russia,74320101,Russia,No Medal,Athletics Women's Javelin Throw,No Medal,Silver,No Medal,No Medal
Russia,74313717,Russia,No Medal,Athletics Men's Shot Put,Silver,Gold,No Medal,No Medal
Russia,8679,Russia,Gold,Athletics Men's Hammer Throw,Gold,Bronze,Bronze,No Medal
South Korea,74313768,South Korea,No Medal,Basketball Women's Basketball,Silver,No Medal,No Medal,No Medal
South Korea,74320150,South Korea,No Medal,"Wrestling Men's Light-Heavyweight, Freestyle",No Medal,Bronze,No Medal,No Medal
South Korea,74323696,South Korea,No Medal,"Shooting Women's Air Rifle, 10 metres",No Medal,No Medal,Gold,No Medal
South Korea,74313765,South Korea,No Medal,Judo Men's Extra-Lightweight,Silver,Gold,Silver,No Medal
South Korea,74320136,South Korea,No Medal,Table Tennis Men's Singles,No Medal,Gold,Bronze,No Medal
South Korea,74313784,South Korea,No Medal,Archery Women's Individual,Bronze,Bronze,Gold,Gold
South Korea,8749,South Korea,Bronze,Volleyball Women's Volleyball,No Medal,No Medal,No Medal,No Medal
South Korea,74313775,South Korea,No Medal,Archery Women's Individual,Gold,Gold,Silver,Gold
South Korea,74320140,South Korea,No Medal,Boxing Men's Heavyweight,No Medal,Silver,No Medal,No Medal
South Korea,74323699,South Korea,No Medal,Badminton Women's Doubles,No Medal,No Medal,Bronze,Silver
South Korea,74323692,South Korea,No Medal,Badminton Women's Singles,No Medal,No Medal,Silver,Gold
South Korea,74323697,South Korea,No Medal,Judo Women's Half-Heavyweight,No Medal,No Medal,Gold,No Medal
South Korea,74313767,South Korea,No Medal,Boxing Men's Welterweight,Silver,No Medal,No Medal,No Medal
South Korea,74323965,South Korea,No Medal,Judo Women's Half-Middleweight,No Medal,No Medal,No Medal,Bronze
South Korea,74320151,South Korea,No Medal,Weightlifting Men's Light-Heavyweight,No Medal,Bronze,No Medal,No Medal
South Korea,74320137,South Korea,No Medal,"Shooting Men's Small-Bore Rifle, Prone, 50 metres",No Medal,Silver,Gold,No Medal
South Korea,74320144,South Korea,No Medal,Table Tennis Women's Doubles,No Medal,Gold,Bronze,Bronze
South Korea,74320134,South Korea,No Medal,Weightlifting Men's Flyweight,No Medal,Silver,No Medal,No Medal
South Korea,74313782,South Korea,No Medal,Archery Women's Individual,Bronze,Gold,Gold,Gold
South Korea,74313780,South Korea,No Medal,Archery Women's Individual,Bronze,Silver,Gold,Gold
South Korea,74313789,South Korea,No Medal,Boxing Men's Lightweight,Bronze,No Medal,Bronze,No Medal
South Korea,74320154,South Korea,No Medal,Boxing Men's Featherweight,No Medal,Bronze,No Medal,No Medal
South Korea,74313783,South Korea,No Medal,Archery Women's Individual,Bronze,Bronze,Silver,Gold
South Korea,74323964,South Korea,No Medal,Judo Women's Middleweight,No Medal,No Medal,No Medal,Gold
South Korea,8751,South Korea,Bronze,Judo Men's Middleweight,No Medal,No Medal,No Medal,Gold
South Korea,74320149,South Korea,No Medal,"Wrestling Men's Middleweight, Greco-Roman",No Medal,Bronze,No Medal,No Medal
South Korea,74323698,South Korea,No Medal,Badminton Women's Doubles,No Medal,No Medal,Gold,Silver
South Korea,74313772,South Korea,No Medal,Boxing Men's Middleweight,Gold,No Medal,Bronze,No Medal
South Korea,74313781,South Korea,No Medal,Archery Women's Individual,Bronze,Gold,Silver,Gold
South Korea,8748,South Korea,Bronze,"Wrestling Men's Flyweight, Freestyle",Silver,No Medal,No Medal,No Medal
South Korea,74313777,South Korea,No Medal,Archery Women's Individual,Gold,Bronze,Silver,Gold
South Korea,74313786,South Korea,No Medal,"Wrestling Men's Flyweight, Greco-Roman",Bronze,Bronze,Bronze,No Medal
South Korea,74320153,South Korea,No Medal,Gymnastics Men's Horse Vault,No Medal,Bronze,Bronze,Silver
South Korea,74323694,South Korea,No Medal,"Wrestling Men's Bantamweight, Greco-Roman",No Medal,No Medal,Gold,No Medal
South Korea,74313773,South Korea,No Medal,Archery Women's Individual,Gold,Silver,Silver,Gold
South Korea,74323701,South Korea,No Medal,Athletics Men's Marathon,No Medal,No Medal,Gold,Silver
South Korea,74313771,South Korea,No Medal,Judo Men's Half-Heavyweight,Gold,No Medal,No Medal,Silver
South Korea,74320139,South Korea,No Medal,Handball Men's Handball,No Medal,Silver,No Medal,No Medal
South Korea,74323702,South Korea,No Medal,Table Tennis Women's Singles,No Medal,No Medal,Bronze,No Medal
South Korea,74323962,South Korea,No Medal,Badminton Mixed Doubles,No Medal,No Medal,No Medal,Gold
South Korea,74313787,South Korea,No Medal,"Wrestling Men's Bantamweight, Freestyle",Bronze,Bronze,No Medal,No Medal
South Korea,74313764,South Korea,No Medal,Judo Men's Half-Lightweight,Silver,Gold,No Medal,No Medal
Spain,74323421,Spain,No Medal,Athletics Men's 50 kilometres Walk,No Medal,No Medal,Bronze,No Medal
Spain,6193,Spain,Silver,Sailing Women's One Person Dinghy,No Medal,Silver,No Medal,No Medal
Spain,74323806,Spain,No Medal,Cycling Men's Points Race,No Medal,No Medal,No Medal,Gold
Spain,6207,Spain,Gold,Athletics Men's 20 kilometres Walk,No Medal,Gold,No Medal,No Medal
Spain,74323809,Spain,No Medal,Athletics Women's 20 kilometres Walk,No Medal,No Medal,No Medal,Bronze
Spain,6197,Spain,Gold,Swimming Men's 200 metres Backstroke,No Medal,Gold,No Medal,No Medal
Spain,74171332,Spain,No Medal,Shooting Mixed Skeet,Bronze,No Medal,No Medal,No Medal
Spain,74171329,Spain,No Medal,Tennis Men's Doubles,Silver,No Medal,No Medal,Bronze
Spain,74323414,Spain,No Medal,Cycling Men's Individual Time Trial,No Medal,No Medal,Silver,No Medal
Spain,74323807,Spain,No Medal,Swimming Women's 100 metres Backstroke,No Medal,No Medal,No Medal,Bronze
Spain,6194,Spain,Silver,Rhythmic Gymnastics Women's Individual,No Medal,Silver,No Medal,No Medal
Spain,74323415,Spain,No Medal,Cycling Men's Individual Time Trial,No Medal,No Medal,Gold,No Medal
Spain,6199,Spain,Gold,Sailing Mixed Two Person Heavyweight Dinghy,No Medal,Gold,No Medal,No Medal
Spain,6208,Spain,Gold,"Athletics Men's 1,500 metres",No Medal,Gold,Silver,No Medal
Spain,74323413,Spain,No Medal,Hockey Men's Hockey,No Medal,No Medal,Silver,No Medal
Spain,74323412,Spain,No Medal,Judo Men's Heavyweight,No Medal,No Medal,Silver,No Medal
Spain,6204,Spain,Gold,Hockey Women's Hockey,No Medal,Gold,No Medal,No Medal
Spain,6209,Spain,Gold,Archery Men's Team,No Medal,Gold,No Medal,No Medal
Spain,74171331,Spain,No Medal,Swimming Men's 200 metres Breaststroke,Bronze,No Medal,No Medal,No Medal
Spain,6200,Spain,Gold,Sailing Men's Two Person Dinghy,No Medal,Gold,No Medal,No Medal
Spain,6210,Spain,Bronze,Tennis Women's Singles,No Medal,Bronze,Silver,No Medal
Spain,6203,Spain,Gold,Judo Women's Half-Lightweight,No Medal,Gold,No Medal,No Medal
Spain,74323805,Spain,No Medal,Gymnastics Men's Horse Vault,No Medal,No Medal,No Medal,Gold
Spain,74323418,Spain,No Medal,Judo Women's Extra-Lightweight,No Medal,No Medal,Bronze,No Medal
Spain,6198,Spain,Gold,Sailing Women's Two Person Dinghy,No Medal,Gold,Gold,No Medal
Spain,6192,Spain,Silver,Tennis Men's Singles,No Medal,Silver,Silver,No Medal
Spain,74323419,Spain,No Medal,Handball Men's Handball,No Medal,No Medal,Bronze,Bronze
Spain,74171330,Spain,No Medal,Sailing Mixed One Person Dinghy,Gold,No Medal,No Medal,No Medal
Spain,74323808,Spain,No Medal,"Cycling Women's Mountainbike, Cross-Country",No Medal,No Medal,No Medal,Bronze
Spain,74323417,Spain,No Medal,Rhythmic Gymnastics Women's Group,No Medal,No Medal,Gold,No Medal
Spain,6205,Spain,Gold,Football Men's Football,No Medal,Gold,No Medal,Silver
Spain,6202,Spain,Gold,Judo Women's Lightweight,No Medal,Gold,Bronze,Gold
Spain,6190,Spain,Silver,Water Polo Men's Water Polo,No Medal,Silver,Gold,No Medal
Spain,74323804,Spain,No Medal,Taekwondo Men's Flyweight,No Medal,No Medal,No Medal,Silver
Spain,6196,Spain,Silver,Athletics Men's Decathlon,No Medal,Silver,No Medal,No Medal
Spain,74323416,Spain,No Medal,Sailing Mixed Multihull,No Medal,No Medal,Gold,No Medal
Spain,6201,Spain,Gold,Sailing Men's One Person Dinghy,No Medal,Gold,No Medal,No Medal
Spain,6191,Spain,Silver,Tennis Women's Doubles,No Medal,Silver,Bronze,No Medal
Spain,6211,Spain,Bronze,Athletics Men's Pole Vault,No Medal,Bronze,No Medal,No Medal
Spain,74323420,Spain,No Medal,Boxing Men's Light-Flyweight,No Medal,No Medal,Bronze,Silver
Spain,6195,Spain,Silver,Boxing Men's Featherweight,No Medal,Silver,No Medal,No Medal
Spain,6206,Spain,Gold,"Cycling Men's 1,000 metres Time Trial",No Medal,Gold,No Medal,No Medal
Sweden,74318442,Sweden,No Medal,"Gymnastics Men's Team All-Around, Swedish System",No Medal,Gold,No Medal,Gold
Sweden,6759,Sweden,Bronze,Modern Pentathlon Men's Individual,Gold,Gold,No Medal,Silver
Sweden,6246,Sweden,Silver,"Equestrianism Men's Three-Day Event, Team",Gold,Gold,No Medal,Gold
Sweden,6258,Sweden,Silver,"Equestrianism Men's Three-Day Event, Team",Gold,Gold,No Medal,Gold
Sweden,7011,Sweden,Bronze,"Equestrianism Men's Three-Day Event, Individual",Gold,Gold,No Medal,Gold
Sweden,6769,Sweden,Bronze,Modern Pentathlon Men's Individual,Gold,Gold,No Medal,Gold
Sweden,6277,Sweden,Gold,Athletics Men's 10 kilometres Walk,Gold,No Medal,No Medal,No Medal
Sweden,6428,Sweden,Gold,Modern Pentathlon Men's Individual,Gold,Bronze,No Medal,Bronze
Sweden,6647,Sweden,Gold,Modern Pentathlon Men's Individual,Gold,Bronze,No Medal,Bronze
Sweden,6754,Sweden,Bronze,Modern Pentathlon Men's Individual,Gold,Silver,No Medal,Gold
Sweden,6761,Sweden,Bronze,Modern Pentathlon Men's Individual,Gold,Gold,No Medal,Bronze
Sweden,6220,Sweden,Silver,"Wrestling Men's Heavyweight, Greco-Roman",No Medal,No Medal,No Medal,No Medal
Sweden,74323849,Sweden,No Medal,Athletics Men's 56-pound Weight Throw,No Medal,No Medal,No Medal,Bronze
Sweden,74323836,Sweden,No Medal,"Shooting Men's Trap, Team",No Medal,No Medal,No Medal,Bronze
Sweden,6400,Sweden,Gold,"Wrestling Men's Light-Heavyweight, Greco-Roman",Bronze,Bronze,No Medal,Gold
Sweden,74318397,Sweden,No Medal,Diving Men's Plain High,No Medal,Bronze,No Medal,Bronze
Sweden,6441,Sweden,Gold,Modern Pentathlon Men's Individual,Gold,Silver,No Medal,Silver
Sweden,74323855,Sweden,No Medal,Sailing Mixed Two Person Keelboat,No Medal,No Medal,No Medal,Bronze
Sweden,74171362,Sweden,No Medal,Diving Men's Platform,Silver,Bronze,No Medal,Silver
Sweden,6770,Sweden,Bronze,Modern Pentathlon Men's Individual,Gold,Gold,No Medal,Bronze
Sweden,74171495,Sweden,No Medal,"Wrestling Men's Welterweight, Freestyle",Silver,No Medal,No Medal,No Medal
Sweden,7000,Sweden,Bronze,"Equestrianism Men's Three-Day Event, Individual",Gold,Gold,No Medal,Silver
Sweden,6765,Sweden,Bronze,Modern Pentathlon Men's Individual,Gold,Bronze,No Medal,Silver
Sweden,6811,Sweden,Gold,"Canoeing Men's Kayak Singles, 1,000 metres",Gold,Gold,Bronze,Gold
Sweden,74171410,Sweden,No Medal,"Shooting Men's Running Target, Single Shot",Gold,Gold,No Medal,Silver
Sweden,6600,Sweden,Bronze,Modern Pentathlon Men's Individual,Gold,Gold,No Medal,Silver
Sweden,6307,Sweden,Gold,"Wrestling Men's Middleweight, Greco-Roman",Gold,Bronze,No Medal,Gold
Sweden,6850,Sweden,Gold,"Canoeing Men's Kayak Doubles, 1,000 metres",Silver,No Medal,Gold,Gold
Sweden,6599,Sweden,Bronze,Modern Pentathlon Men's Individual,Gold,Bronze,No Medal,Bronze
Sweden,6907,Sweden,Gold,Athletics Men's Triple Jump,No Medal,Bronze,No Medal,Bronze
Sweden,74318365,Sweden,No Medal,Diving Men's Plain High,No Medal,Silver,No Medal,Silver
Sweden,6350,Sweden,Gold,"Wrestling Men's Lightweight, Greco-Roman",Silver,Silver,Bronze,No Medal
Sweden,74318407,Sweden,No Medal,Athletics Men's Decathlon,No Medal,Silver,No Medal,Bronze
Sweden,6923,Sweden,Gold,Athletics Men's 50 kilometres Walk,No Medal,Bronze,Silver,Bronze
Sweden,6823,Sweden,Gold,"Canoeing Men's Kayak Singles, 1,000 metres",Gold,Gold,Bronze,Gold
Sweden,6260,Sweden,Silver,Boxing Men's Heavyweight,Silver,No Medal,No Medal,No Medal
Sweden,6669,Sweden,Gold,Modern Pentathlon Men's Individual,Gold,Bronze,No Medal,Silver
Sweden,6617,Sweden,Gold,Modern Pentathlon Men's Individual,Gold,Gold,No Medal,Bronze
Sweden,6998,Sweden,Bronze,"Equestrianism Men's Three-Day Event, Individual",Gold,Gold,No Medal,Silver
Sweden,6837,Sweden,Gold,"Canoeing Men's Kayak Singles, 1,000 metres",Gold,Gold,Bronze,Gold
Sweden,6963,Sweden,Bronze,"Equestrianism Men's Three-Day Event, Individual",Gold,Gold,No Medal,Gold
Sweden,6930,Sweden,Bronze,"Wrestling Men's Middleweight, Freestyle",No Medal,No Medal,Bronze,No Medal
United States of America,34800616,United States of America,Silver,Athletics Men's 400 metres,Gold,Gold,Gold,Silver
United States of America,66847379,United States of America,Silver,Athletics Men's 200 metres,Gold,Gold,Gold,Silver
United States of America,70986940,United States of America,Silver,Rowing Men's Coxed Eights,Gold,Gold,Bronze,Gold
United States of America,50719408,United States of America,Bronze,Athletics Men's 110 metres Hurdles,Silver,Bronze,Bronze,Silver
United States of America,20327901,United States of America,Bronze,Athletics Men's Long Jump,Silver,Bronze,Silver,Silver
United States of America,56611647,United States of America,Bronze,Athletics Men's 110 metres Hurdles,Silver,Gold,Bronze,Silver
United States of America,19222499,United States of America,Gold,Athletics Men's Long Jump,Gold,Silver,Gold,Bronze
United States of America,28953124,United States of America,Gold,Athletics Men's 400 metres,Bronze,Gold,Gold,Bronze
United States of America,10944009,United States of America,Silver,Athletics Men's Long Jump,Bronze,Gold,Gold,Gold
United States of America,13930322,United States of America,Gold,Athletics Men's Long Jump,Bronze,Gold,Bronze,Bronze
United States of America,28808455,United States of America,Gold,Athletics Men's 400 metres,Gold,Bronze,Gold,Bronze
United States of America,41590612,United States of America,Gold,Athletics Men's Shot Put,Gold,Gold,Gold,Gold
United States of America,5675365,United States of America,Gold,Athletics Men's Long Jump,Bronze,Silver,Bronze,Gold
United States of America,73957580,United States of America,Gold,Swimming Women's 800 metres Freestyle,Silver,Silver,Bronze,Bronze
United States of America,68992299,United States of America,Silver,Athletics Men's 200 metres,Bronze,Bronze,Silver,Gold
United States of America,31385225,United States of America,Gold,Athletics Men's 400 metres,Silver,Gold,Gold,Gold
United States of America,29735827,United States of America,Silver,Athletics Men's 400 metres,Silver,Gold,Bronze,Silver
United States of America,54139346,United States of America,Gold,Athletics Men's 110 metres Hurdles,Bronze,Silver,Gold,Bronze
United States of America,52116345,United States of America,Gold,Athletics Men's 110 metres Hurdles,Bronze,Silver,Gold,Gold
United States of America,41446602,United States of America,Silver,Athletics Men's Shot Put,Gold,Gold,Silver,Gold
United States of America,3291421,United States of America,Silver,Athletics Men's Pole Vault,Gold,Gold,Gold,Bronze
United States of America,37990183,United States of America,Gold,Athletics Men's Triple Jump,Gold,Gold,Bronze,Gold
United States of America,71288696,United States of America,Bronze,Athletics Men's 400 metres Hurdles,Bronze,Bronze,Gold,Silver
United States of America,52182104,United States of America,Gold,Athletics Men's 110 metres Hurdles,Bronze,Silver,Gold,Silver
United States of America,7750010,United States of America,Silver,Athletics Men's Long Jump,Bronze,Gold,Gold,Silver
United States of America,28633561,United States of America,Gold,Athletics Men's 400 metres,Silver,Gold,Silver,Silver
United States of America,61835544,United States of America,Silver,Diving Women's Springboard,Bronze,Silver,Bronze,Silver
United States of America,6654692,United States of America,Bronze,Athletics Men's Long Jump,Gold,Gold,Gold,Gold
United States of America,22046143,United States of America,Gold,Athletics Men's Long Jump,Silver,Gold,Gold,Gold
United States of America,11179115,United States of America,Gold,Athletics Men's Long Jump,Bronze,Gold,Gold,Bronze
United States of America,8729029,United States of America,Gold,Athletics Men's Long Jump,Gold,Bronze,Bronze,Gold
United States of America,28221387,United States of America,Silver,Athletics Men's 400 metres,Gold,Gold,Gold,Bronze
United States of America,51905093,United States of America,Gold,Athletics Men's 110 metres Hurdles,Bronze,Silver,Silver,Bronze
United States of America,7627613,United States of America,Silver,Athletics Men's Long Jump,Bronze,Silver,Gold,Gold
United States of America,41383131,United States of America,Silver,Athletics Men's Shot Put,Silver,Bronze,Silver,Gold
United States of America,6214528,United States of America,Gold,Athletics Men's Long Jump,Silver,Bronze,Bronze,Bronze
United States of America,19658685,United States of America,Gold,Athletics Men's Long Jump,Gold,Gold,Gold,Bronze
United States of America,25940295,United States of America,Bronze,Athletics Men's Long Jump,Gold,Bronze,Bronze,Gold
United States of America,35233415,United States of America,Gold,Athletics Men's 400 metres,Gold,Bronze,Gold,Gold
United States of America,36748163,United States of America,Silver,Athletics Men's 400 metres,Bronze,Gold,Bronze,Silver
United States of America,62001239,United States of America,Bronze,Diving Women's Springboard,Bronze,Gold,Gold,Bronze
United States of America,47420990,United States of America,Bronze,Athletics Men's 110 metres Hurdles,Bronze,Gold,Gold,Bronze
